<?xml version="1.0" encoding="utf-8"?>
<!--/13264939/1447354/2.50/4/3/Integrated Circuit/-->
<quadcept_library>
  <setting unit="mil" />
  <textstyle name="Default" height="47.244094488189" strokewidth="7.8740157480315" charwidth="47.244094488189" />
  <textstyle name="Dimension" height="19.6850393700787" strokewidth="0" charwidth="19.6850393700787" />
  <textstyle name="H127W0635TH00762" height="50" strokewidth="3" charwidth="25" />
  <textstyle name="H15W15TH02" height="59.0551181102362" strokewidth="7.8740157480315" charwidth="59.0551181102362" />
  <padstyle name="r80_75" surface="True" plated="False" isvia="False" nopaste="False" nomask="True" complex="False" holesize="0">
    <padshape layer="TOP" shape="rectangle" width="29.527559055118" height="31.496062992126" />
    <padshape layer="TOP_SOLDER_MASK" shape="rectangle" width="37.401574803149" height="39.370078740157" />
    <padshape layer="TOP_SOLDER_PASTE" shape="rectangle" width="29.527559055118" height="31.496062992126" />
  </padstyle>
  <padstyle name="r80_60" surface="True" plated="False" isvia="False" nopaste="False" nomask="True" complex="False" holesize="0">
    <padshape layer="TOP" shape="rectangle" width="23.622047244094" height="31.496062992126" />
    <padshape layer="TOP_SOLDER_MASK" shape="rectangle" width="31.496062992126" height="39.370078740157" />
    <padshape layer="TOP_SOLDER_PASTE" shape="rectangle" width="23.622047244094" height="31.496062992126" />
  </padstyle>
  <padstyle name="r80_40" surface="True" plated="False" isvia="False" nopaste="False" nomask="True" complex="False" holesize="0">
    <padshape layer="TOP" shape="rectangle" width="15.748031496063" height="31.496062992126" />
    <padshape layer="TOP_SOLDER_MASK" shape="rectangle" width="23.622047244094" height="39.370078740157" />
    <padshape layer="TOP_SOLDER_PASTE" shape="rectangle" width="15.748031496063" height="31.496062992126" />
  </padstyle>
  <padstyle name="r80_80" surface="True" plated="False" isvia="False" nopaste="False" nomask="True" complex="False" holesize="0">
    <padshape layer="TOP" shape="rectangle" width="31.496062992126" height="31.496062992126" />
    <padshape layer="TOP_SOLDER_MASK" shape="rectangle" width="39.370078740157" height="39.370078740157" />
    <padshape layer="TOP_SOLDER_PASTE" shape="rectangle" width="31.496062992126" height="31.496062992126" />
  </padstyle>
  <footprint name="4691" originx="0" originy="0" pickpointx="0" pickpointy="0">
    <pcbpin number="1" name="1" style="r80_75" originx="-58.740157480314" originy="0" rotation="0" />
    <pcbpin number="2" name="2" style="r80_60" originx="-14.448818897638" originy="0" rotation="0" />
    <pcbpin number="3" name="3" style="r80_40" originx="20.196850393701" originy="0" rotation="0" />
    <pcbpin number="4" name="4" style="r80_80" originx="58.779527559054" originy="0" rotation="0" />
    <line layer="TOP_ASSEMBLY" originx="-78.740157480314" originy="19.685039370078" endx="78.740157480314" endy="19.685039370078" width="3.9370078740157" />
    <line layer="TOP_ASSEMBLY" originx="78.740157480314" originy="19.685039370078" endx="78.740157480314" endy="-39.370078740157" width="3.9370078740157" />
    <line layer="TOP_ASSEMBLY" originx="78.740157480314" originy="-39.370078740157" endx="-78.740157480314" endy="-39.370078740157" width="3.9370078740157" />
    <line layer="TOP_ASSEMBLY" originx="-78.740157480314" originy="-39.370078740157" endx="-78.740157480314" endy="19.685039370078" width="3.9370078740157" />
    <line layer="TOP_PLACE_BOUND" originx="-118.11023622047" originy="59.055118110235" endx="118.11023622047" endy="59.055118110235" width="3.9370078740157" />
    <line layer="TOP_PLACE_BOUND" originx="118.11023622047" originy="59.055118110235" endx="118.11023622047" endy="-78.740157480314" width="3.9370078740157" />
    <line layer="TOP_PLACE_BOUND" originx="118.11023622047" originy="-78.740157480314" endx="-118.11023622047" endy="-78.740157480314" width="3.9370078740157" />
    <line layer="TOP_PLACE_BOUND" originx="-118.11023622047" originy="-78.740157480314" endx="-118.11023622047" endy="59.055118110235" width="3.9370078740157" />
    <line layer="TOP_SILKSCREEN" originx="-102.36220472441" originy="0" endx="-102.36220472441" endy="0" width="3.9370078740157" />
    <arc layer="TOP_SILKSCREEN" originx="-100.3937007874" originy="0" startangle="180.0" sweepangle="180.0" radius="1.9685039370079" width="3.9370078740157" />
    <line layer="TOP_SILKSCREEN" originx="-98.425196850392" originy="0" endx="-98.425196850392" endy="0" width="3.9370078740157" />
    <arc layer="TOP_SILKSCREEN" originx="-100.3937007874" originy="0" startangle=".0" sweepangle="180.0" radius="1.9685039370079" width="3.9370078740157" />
    <line layer="TOP_SILKSCREEN" originx="-78.740157480314" originy="-23.622047244094" endx="-78.740157480314" endy="-39.370078740157" width="7.8740157480314" />
    <line layer="TOP_SILKSCREEN" originx="-78.740157480314" originy="-39.370078740157" endx="78.740157480314" endy="-39.370078740157" width="7.8740157480314" />
    <line layer="TOP_SILKSCREEN" originx="78.740157480314" originy="-39.370078740157" endx="78.740157480314" endy="-23.622047244094" width="7.8740157480314" />
  </footprint>
  <symbol name="4691" originx="0" originy="0">
    <line originx="200" originy="100" endx="700" endy="100" width="0" />
    <line originx="700" originy="-400" endx="700" endy="100" width="0" />
    <line originx="700" originy="-400" endx="200" endy="-400" width="0" />
    <line originx="200" originy="100" endx="200" endy="-400" width="0" />
    <sympin number="1" originx="200" originy="0" rotation="180" length="100" width="7.8740157480315" flipped="False">
      <text name="pinname" originx="230" originy="0" style="Default" rotation="0" justify="left" flipped="False" hidden="False" data="DIN" />
      <text name="pindes" originx="140" originy="20" style="Default" rotation="0" justify="lowerright" flipped="False" hidden="False" data="1" />
    </sympin>
    <sympin number="2" originx="200" originy="-100" rotation="180" length="100" width="7.8740157480315" flipped="False">
      <text name="pinname" originx="230" originy="-100" style="Default" rotation="0" justify="left" flipped="False" hidden="False" data="VDD" />
      <text name="pindes" originx="140" originy="-80" style="Default" rotation="0" justify="lowerright" flipped="False" hidden="False" data="2" />
    </sympin>
    <sympin number="3" originx="200" originy="-200" rotation="180" length="100" width="7.8740157480315" flipped="False">
      <text name="pinname" originx="230" originy="-200" style="Default" rotation="0" justify="left" flipped="False" hidden="False" data="DOUT" />
      <text name="pindes" originx="140" originy="-180" style="Default" rotation="0" justify="lowerright" flipped="False" hidden="False" data="3" />
    </sympin>
    <sympin number="4" originx="200" originy="-300" rotation="180" length="100" width="7.8740157480315" flipped="False">
      <text name="pinname" originx="230" originy="-300" style="Default" rotation="0" justify="left" flipped="False" hidden="False" data="GND" />
      <text name="pindes" originx="140" originy="-280" style="Default" rotation="0" justify="lowerright" flipped="False" hidden="False" data="4" />
    </sympin>
  </symbol>
  <component name="4691" designatorprefix="IC" height="82.67716535433" footprint="4691">
    <comppin designator="1" sympin="1" pinswap="0" gateswap="0" gate="1" group="1" side="" type="Any" name="DIN" />
    <comppin designator="2" sympin="2" pinswap="0" gateswap="0" gate="1" group="1" side="" type="Any" name="VDD" />
    <comppin designator="3" sympin="3" pinswap="0" gateswap="0" gate="1" group="1" side="" type="Any" name="DOUT" />
    <comppin designator="4" sympin="4" pinswap="0" gateswap="0" gate="1" group="1" side="" type="Any" name="GND" />
    <attached_symbol gate="1" name="4691" />
    <pinmap designator="1" footprintpin="1" />
    <pinmap designator="2" footprintpin="2" />
    <pinmap designator="3" footprintpin="3" />
    <pinmap designator="4" footprintpin="4" />
    <text name="Datasheet" originx="0" originy="0" style="Default" rotation="0" justify="" flipped="False" hidden="True" data="https://cdn-shop.adafruit.com/product-files/4691/4691_SK68XX_SIDE_REV.04_EN_1_.pdf" />
    <text name="Description" originx="0" originy="0" style="Default" rotation="0" justify="" flipped="False" hidden="True" data="Adafruit Accessories NeoPixel Side-Light RGB LED w/ Integrated Driver Chip - 10-pack - SK6812B 4020" />
    <text name="Mouser Part Number" originx="0" originy="0" style="Default" rotation="0" justify="" flipped="False" hidden="True" data="485-4691" />
    <text name="Mouser Price/Stock" originx="0" originy="0" style="Default" rotation="0" justify="" flipped="False" hidden="True" data="https://www.mouser.co.uk/ProductDetail/Adafruit/4691?qs=DPoM0jnrROWxg7zGo0cOBA%3D%3D" />
    <text name="Manufacturer_Name" originx="0" originy="0" style="Default" rotation="0" justify="" flipped="False" hidden="True" data="Adafruit" />
    <text name="Manufacturer_Part_Number" originx="750" originy="200" style="Default" rotation="0" justify="left" flipped="False" hidden="False" data="4691" />
  </component>
</quadcept_library>
